행정구역(읍면동),종사자수,사업체수,급여총액,매출액,영업이익,종사자당 사업체수,종사자당 급여총액,종사자당 매출액,종사자당 영업이익
가사문학면,845.0,218.0,31559.0,118867.0,10560.0,0.2579881656804734,37.34792899408284,140.67100591715976,12.497041420118343
간전면,701.0,272.0,16076.0,134719.0,8592.0,0.3880171184022825,22.932952924393724,192.1811697574893,12.256776034236804
강진읍,14972.0,4870.0,444344.0,3240270.0,662714.0,0.32527384450975155,29.678332888057707,216.42198771039273,44.26355864279989
겸면,2307.0,412.0,77747.0,473946.0,1244.0,0.17858690940615518,33.70047680970958,205.43823146944084,0.5392284351972259
겸백면,363.0,132.0,7926.0,37248.0,5835.0,0.36363636363636365,21.834710743801654,102.61157024793388,16.074380165289256
계곡면,954.0,416.0,12272.0,110971.0,19712.0,0.4360587002096436,12.863731656184486,116.32180293501048,20.662473794549268
고군면,1881.0,732.0,56653.0,303344.0,34233.0,0.38915470494417864,30.118553960659224,161.26741095162149,18.199362041467303
고금면,1892.0,766.0,46518.0,308386.0,28827.0,0.4048625792811839,24.586680761099366,162.99471458773783,15.236257928118393
고달면,301.0,146.0,4580.0,19210.0,3224.0,0.4850498338870432,15.215946843853821,63.820598006644516,10.710963455149502
고서면,2005.0,624.0,37880.0,245880.0,5458.0,0.3112219451371571,18.892768079800497,122.63341645885286,2.722194513715711
고흥읍,16606.0,4312.0,494812.0,2788862.0,202908.0,0.2596651812597856,29.7971817415392,167.94303263880525,12.218957003492713
곡성읍,9796.0,2452.0,276252.0,1426736.0,75066.0,0.25030624744793795,28.2004899959167,145.644752960392,7.662923642302981
골약동,10992.0,2322.0,378567.0,3022660.0,99136.0,0.21124454148471616,34.440229257641924,274.9872634643377,9.018922852983989
공산면,1123.0,538.0,24031.0,202435.0,31719.0,0.4790739091718611,21.39893143365984,180.2626892252894,28.24487978628673
과역면,2412.0,980.0,45058.0,291410.0,32697.0,0.40630182421227196,18.680762852404644,120.8167495854063,13.555970149253731
관산읍,2360.0,1020.0,39522.0,231199.0,49161.0,0.4322033898305085,16.746610169491525,97.9656779661017,20.830932203389832
광림동,4625.0,1136.0,142677.0,717578.0,22360.0,0.24562162162162163,30.84908108108108,155.152,4.834594594594595
광양읍,45502.0,12840.0,1087323.0,9165014.0,-197020.0,0.28218539844402446,23.896158410619314,201.4200254933849,-4.32991956397521
광영동,9950.0,2698.0,291857.0,1249499.0,72493.0,0.27115577889447234,29.332361809045228,125.57778894472362,7.28572864321608
광의면,779.0,262.0,20126.0,103354.0,6594.0,0.3363286264441592,25.83568677792041,132.6752246469833,8.464698331193839
구례읍,11184.0,3680.0,310940.0,1510638.0,106966.0,0.3290414878397711,27.80221745350501,135.07135193133047,9.564198855507868
국동,5491.0,1864.0,116988.0,768146.0,56176.0,0.33946457840101985,21.30540885084684,139.8918229830632,10.230559096703697
군남면,844.0,296.0,20058.0,110177.0,4533.0,0.35071090047393366,23.765402843601894,130.54146919431278,5.37085308056872
군내면,1851.0,826.0,46039.0,303021.0,18432.0,0.44624527282549975,24.872501350621285,163.7066450567261,9.957860615883307
군동면,2997.0,798.0,79512.0,354052.0,28268.0,0.26626626626626626,26.53053053053053,118.13546880213546,9.432098765432098
군서면,3516.0,1074.0,96659.0,613617.0,39552.0,0.3054607508532423,27.49118316268487,174.52133105802048,11.249146757679181
군외면,1522.0,560.0,25114.0,272879.0,13248.0,0.3679369250985545,16.50065703022339,179.2897503285151,8.704336399474375
금남동,6625.0,2056.0,144550.0,959919.0,106242.0,0.31033962264150944,21.818867924528302,144.89343396226414,16.036528301886793
금당면,470.0,128.0,11071.0,42763.0,3401.0,0.2723404255319149,23.55531914893617,90.98510638297873,7.236170212765957
금산면,2310.0,700.0,34941.0,273425.0,57352.0,0.30303030303030304,15.125974025974026,118.36580086580086,24.827705627705626
금성면,4066.0,732.0,137973.0,964850.0,37061.0,0.18002951303492376,33.93334972946385,237.29709788489916,9.114854894244958
금일읍,1914.0,572.0,41486.0,244918.0,2477.0,0.2988505747126437,21.675026123301986,127.96133751306165,1.294148380355277
금정면,1105.0,382.0,22511.0,202725.0,48234.0,0.34570135746606334,20.371945701357465,183.46153846153845,43.650678733031675
금천면,4514.0,926.0,158654.0,1078324.0,43644.0,0.2051395657953035,35.14709791758972,238.88435976960568,9.668586619406291
금호동,35531.0,980.0,2621871.0,32297545.0,2452758.0,0.027581548506937604,73.79108384227857,908.9962286454082,69.03149362528497
나산면,1228.0,404.0,22308.0,112965.0,18978.0,0.3289902280130293,18.16612377850163,91.99104234527687,15.454397394136809
낙안면,1918.0,630.0,36580.0,151952.0,5524.0,0.3284671532846715,19.071949947862358,79.22419186652763,2.8800834202294054
낙월면,241.0,80.0,8664.0,189740.0,932.0,0.33195020746887965,35.95020746887967,787.3029045643153,3.867219917012448
남면,7807.0,2310.0,204247.0,1407378.0,97668.0,0.29588830536697835,26.162034071986678,180.27129499167413,12.510311259126425
남양면,738.0,310.0,15141.0,99820.0,5208.0,0.42005420054200543,20.516260162601625,135.25745257452576,7.056910569105691
남제동,5121.0,2032.0,94548.0,568019.0,74933.0,0.3967975004881859,18.462800234329233,110.9195469634837,14.632493653583284
남평읍,9218.0,2850.0,219688.0,1533520.0,110334.0,0.3091776958125407,23.83250162725103,166.36146669559557,11.969407680624865
노동면,357.0,210.0,6860.0,36659.0,5069.0,0.5882352941176471,19.215686274509803,102.68627450980392,14.198879551820728
노안면,4184.0,1148.0,144752.0,959901.0,129265.0,0.27437858508604207,34.59655831739962,229.42184512428298,30.895076481835563
노화읍,3006.0,1332.0,62553.0,383409.0,30874.0,0.4431137724550898,20.80938123752495,127.54790419161677,10.270791749833666
능주면,2779.0,784.0,74933.0,468087.0,29726.0,0.28211586901763225,26.964015833033464,168.4372076286434,10.696653472472113
다도면,1699.0,310.0,45532.0,207036.0,30251.0,0.18246027074749852,26.799293702177753,121.85756327251325,17.805179517363154
다시면,2187.0,898.0,37971.0,229834.0,19693.0,0.41060813900320076,17.362139917695472,105.0909922267947,9.004572473708276
다압면,922.0,356.0,17422.0,68386.0,8430.0,0.38611713665943603,18.89587852494577,74.17136659436008,9.143167028199565
담양읍,18566.0,6086.0,518068.0,3363714.0,245498.0,0.3278035117957557,27.904125821393947,181.17602068296887,13.222988258106216
대교동,6831.0,2588.0,115272.0,1212334.0,119610.0,0.3788610745132484,16.874835309617918,177.47533304055042,17.509881422924902
대구면,650.0,334.0,8556.0,51985.0,6067.0,0.5138461538461538,13.163076923076924,79.97692307692307,9.333846153846153
대덕면,1243.0,338.0,40871.0,211329.0,21049.0,0.2719227674979887,32.88093322606597,170.0152855993564,16.93403057119871
대덕읍,1361.0,552.0,25317.0,159515.0,24000.0,0.4055841293166789,18.6017634092579,117.20426157237326,17.63409257898604
대동면,1756.0,486.0,44939.0,261643.0,21421.0,0.2767653758542141,25.591685649202734,148.999430523918,12.19874715261959
대마면,1867.0,310.0,84986.0,1053958.0,16373.0,0.16604177825388325,45.52008569898233,564.5195500803428,8.769683985002677
대서면,834.0,352.0,13570.0,67956.0,4773.0,0.42206235011990406,16.270983213429258,81.4820143884892,5.723021582733813
대성동,1876.0,772.0,31015.0,169930.0,18790.0,0.4115138592750533,16.532515991471215,90.58102345415779,10.015991471215353
대전면,4584.0,1130.0,138685.0,1562765.0,106327.0,0.24650959860383945,30.25414485165794,340.91732111692846,23.195244328097733
덕연동,37134.0,11346.0,1055442.0,7172625.0,412614.0,0.3055420908062692,28.422523832606238,193.15519470027468,11.11148812409113
덕진면,1845.0,398.0,48258.0,301513.0,19470.0,0.2157181571815718,26.15609756097561,163.42168021680217,10.552845528455284
도곡면,3928.0,1098.0,108772.0,642222.0,66685.0,0.27953156822810593,27.691446028513237,163.49847250509166,16.97683299389002
도덕면,1425.0,602.0,23431.0,192308.0,40192.0,0.4224561403508772,16.44280701754386,134.95298245614035,28.204912280701755
도사동,14024.0,3218.0,330778.0,1675702.0,77850.0,0.22946377638334284,23.58656588705077,119.48816314888762,5.551197946377639
도암면,2261.0,1078.0,34572.0,220667.0,31876.0,0.47678018575851394,15.290579389650597,97.59708093763821,14.098186643078284
도양읍,8422.0,3036.0,167790.0,1057714.0,107106.0,0.3604844454998813,19.922821182616957,125.58940869152221,12.71740679173593
도초면,1627.0,640.0,28728.0,185930.0,26856.0,0.3933620159803319,17.657037492317148,114.2778119237861,16.506453595574676
도포면,726.0,360.0,12974.0,131376.0,11867.0,0.49586776859504134,17.87052341597796,180.95867768595042,16.34573002754821
도화면,2084.0,932.0,32018.0,303290.0,33061.0,0.4472168905950096,15.363723608445298,145.53262955854126,15.864203454894433
돌산읍,9817.0,3422.0,189851.0,1189669.0,131973.0,0.3485789956198431,19.33900376897219,121.18457777325048,13.443312620963635
동강면,3030.0,1028.0,68739.0,587077.0,25872.0,0.33927392739273926,22.686138613861385,193.75478547854786,8.538613861386139
동면,4816.0,916.0,158065.0,809640.0,44963.0,0.19019933554817275,32.82080564784053,168.11461794019934,9.336171096345515
동명동,4487.0,2312.0,54229.0,538589.0,46340.0,0.5152663249387118,12.085803432137286,120.03320704256741,10.32761310452418
동문동,3387.0,1064.0,108273.0,441202.0,30700.0,0.31414230882787125,31.96722763507529,130.2633599055211,9.064068497195159
동복면,703.0,328.0,18248.0,82867.0,5881.0,0.4665718349928876,25.95732574679943,117.87624466571835,8.365576102418208
동일면,890.0,216.0,13830.0,51784.0,4205.0,0.24269662921348314,15.539325842696629,58.184269662921345,4.724719101123595
동화면,6242.0,1130.0,221067.0,2802518.0,193469.0,0.18103172060237102,35.41605254726049,448.9775712912528,30.99471323293816
두원면,1654.0,548.0,41381.0,242957.0,5004.0,0.3313180169286578,25.018742442563482,146.8905683192261,3.0253929866989115
둔덕동,5476.0,1468.0,139144.0,601787.0,19831.0,0.2680788897005113,25.409788166544924,109.895361577794,3.6214390065741418
득량면,1936.0,740.0,50884.0,287420.0,29118.0,0.3822314049586777,26.28305785123967,148.46074380165288,15.040289256198347
마량면,1469.0,686.0,24223.0,186237.0,17552.0,0.46698434309053777,16.489448604492853,126.7780803267529,11.948264125255276
마산면,3225.0,1150.0,70125.0,389296.0,20593.0,0.35658914728682173,21.74418604651163,120.71193798449612,6.385426356589147
만덕동,7624.0,1460.0,226342.0,1475716.0,114942.0,0.19150052465897166,29.688090241343126,193.56190975865687,15.076337880377755
만호동,4810.0,1914.0,107562.0,694884.0,33214.0,0.39792099792099794,22.36216216216216,144.46652806652807,6.905197505197505
망운면,1816.0,622.0,46461.0,308095.0,-7119.0,0.34251101321585903,25.584251101321588,169.6558370044053,-3.9201541850220263
매곡동,3877.0,1142.0,109183.0,337202.0,27841.0,0.2945576476657209,28.16172298168687,86.97498065514573,7.181067835955636
목사동면,399.0,222.0,9694.0,65286.0,3810.0,0.556390977443609,24.295739348370926,163.62406015037595,9.548872180451127
목원동,9889.0,3486.0,219614.0,1550508.0,140364.0,0.35251289311356054,22.20790777631712,156.79118212154918,14.193952876933967
몽탄면,988.0,426.0,21710.0,139183.0,6908.0,0.4311740890688259,21.973684210526315,140.8734817813765,6.991902834008097
묘도동,305.0,132.0,8202.0,60071.0,8918.0,0.43278688524590164,26.891803278688524,196.95409836065573,29.23934426229508
묘량면,575.0,230.0,11172.0,52463.0,4038.0,0.4,19.429565217391303,91.24,7.022608695652174
무안읍,14163.0,3762.0,453983.0,2419923.0,86204.0,0.2656216903198475,32.054155193108805,170.86231730565558,6.086563581162183
무정면,2056.0,480.0,55362.0,419402.0,37079.0,0.23346303501945526,26.92704280155642,203.98929961089493,18.03453307392996
문내면,2553.0,1184.0,36939.0,339082.0,50289.0,0.463768115942029,14.46886016451234,132.81707794751273,19.698002350176264
문덕면,344.0,134.0,8229.0,29287.0,1574.0,0.38953488372093026,23.921511627906977,85.13662790697674,4.575581395348837
문수동,10901.0,3490.0,257856.0,1419311.0,95943.0,0.32015411430144025,23.65434363819833,130.2000733877626,8.801302632785983
문척면,418.0,168.0,8596.0,30380.0,3690.0,0.4019138755980861,20.564593301435405,72.67942583732058,8.82775119617225
문평면,2497.0,454.0,91535.0,2059248.0,374848.0,0.18181818181818182,36.65798958750501,824.6888265919102,150.11934321185421
미력면,1601.0,250.0,44509.0,484090.0,31707.0,0.1561524047470331,27.800749531542785,302.367270455965,19.804497189256715
미암면,1136.0,582.0,19977.0,180778.0,12348.0,0.5123239436619719,17.58538732394366,159.1355633802817,10.869718309859154
미평동,7577.0,2014.0,150148.0,893198.0,41716.0,0.26580440807707534,19.816286129074832,117.88280322027188,5.505609080110862
반남면,823.0,262.0,21153.0,183417.0,25882.0,0.3183475091130012,25.702308626974485,222.86391251518833,31.44835965978129
백수읍,3218.0,742.0,56322.0,386119.0,40858.0,0.23057799875699192,17.50217526413922,119.98725916718459,12.696706028589185
백아면,822.0,280.0,19179.0,88079.0,733.0,0.340632603406326,23.33211678832117,107.15206812652067,0.8917274939172749
벌교읍,10243.0,3596.0,187801.0,1174532.0,88653.0,0.351069022747242,18.3345699502099,114.6667968368642,8.654983891438055
법성면,6015.0,1976.0,75774.0,782795.0,65706.0,0.3285120532003325,12.597506234413965,130.1404821280133,10.923690773067332
별량면,3774.0,1108.0,94482.0,630253.0,39268.0,0.29358770535241124,25.034976152623212,166.99867514573396,10.404875463698993
병영면,777.0,330.0,17185.0,71252.0,7473.0,0.4247104247104247,22.117117117117118,91.7014157014157,9.617760617760618
보길면,927.0,364.0,16745.0,72482.0,3704.0,0.3926645091693635,18.063646170442286,78.1898597626753,3.995685005393743
보성읍,11378.0,3196.0,357450.0,2607020.0,240002.0,0.2808929513095447,31.415890314642294,229.12814202847602,21.09351379855862
복내면,931.0,282.0,24058.0,111032.0,7888.0,0.3029001074113856,25.841031149301827,119.26100966702471,8.472610096670246
봉강면,1458.0,472.0,30328.0,118452.0,9846.0,0.32373113854595337,20.801097393689986,81.24279835390946,6.753086419753086
봉래면,1129.0,442.0,21805.0,133390.0,8835.0,0.39149689991142606,19.313551815766164,118.14880425155005,7.825509300265722
봉산면,2180.0,806.0,51237.0,337101.0,24282.0,0.3697247706422018,23.50321100917431,154.6334862385321,11.138532110091743
봉황면,3500.0,1360.0,84668.0,670530.0,62338.0,0.38857142857142857,24.190857142857144,191.58,17.81085714285714
부산면,1077.0,190.0,27003.0,157278.0,13241.0,0.1764159702878366,25.07242339832869,146.033426183844,12.294336118848653
부주동,9557.0,2672.0,287333.0,1473427.0,108185.0,0.2795856440305535,30.065187820445747,154.17254368525687,11.319974887517004
부흥동,7063.0,3264.0,104706.0,822527.0,68013.0,0.46212657510972677,14.824578790882061,116.45575534475435,9.629477559110859
북이면,1793.0,576.0,36589.0,219501.0,-10877.0,0.32124930284439485,20.406581148912437,122.42108198549916,-6.0663692136084775
북일면,1577.0,620.0,35144.0,262359.0,18577.0,0.39315155358275206,22.285351934052,166.36588459099556,11.77996195307546
북평면,2218.0,662.0,28762.0,221293.0,39751.0,0.2984670874661858,12.967538322813345,99.77141568981064,17.92200180342651
북하면,2620.0,568.0,80982.0,236976.0,12542.0,0.216793893129771,30.909160305343512,90.44885496183205,4.7870229007633585
북항동,5720.0,1992.0,178955.0,751892.0,45697.0,0.34825174825174826,31.28583916083916,131.44965034965034,7.988986013986014
불갑면,555.0,170.0,13172.0,144280.0,8198.0,0.3063063063063063,23.733333333333334,259.963963963964,14.77117117117117
비금면,2002.0,874.0,29377.0,202042.0,39896.0,0.43656343656343655,14.673826173826173,100.92007992007991,19.92807192807193
빛가람동,41900.0,6650.0,1977982.0,19996768.0,2350420.0,0.15871121718377088,47.207207637231505,477.24983293556085,56.09594272076372
사평면,815.0,334.0,19448.0,97872.0,30359.0,0.4098159509202454,23.862576687116565,120.0883435582822,37.25030674846626
산동면,1442.0,642.0,33968.0,163259.0,14528.0,0.44521497919556174,23.55617198335645,113.21705963938973,10.0748959778086
산이면,1776.0,874.0,38977.0,497060.0,95274.0,0.49211711711711714,21.94650900900901,279.8761261261261,53.645270270270274
산정동,2264.0,916.0,46781.0,291679.0,26863.0,0.4045936395759717,20.66298586572438,128.83348056537102,11.865282685512367
산포면,5636.0,1270.0,158627.0,1135003.0,48727.0,0.22533711852377572,28.145315826827538,201.38449254790632,8.645670688431512
삼계면,3859.0,1166.0,114637.0,639261.0,71841.0,0.30215081627364604,29.70640062192278,165.65457372376264,18.616480953614925
삼기면,1602.0,586.0,19496.0,109258.0,16826.0,0.365792759051186,12.169787765293384,68.20099875156055,10.503121098626716
삼산동,19515.0,5118.0,562358.0,2695435.0,143863.0,0.2622598001537279,28.81670509864207,138.12118882910582,7.3719190366384835
삼산면,3374.0,1108.0,46656.0,285450.0,17186.0,0.32839359810314167,13.82809721398933,84.60284528749258,5.093657379964434
삼서면,1828.0,734.0,45784.0,399829.0,22126.0,0.40153172866520787,25.045951859956237,218.72483588621444,12.103938730853391
삼일동,70271.0,4678.0,4562883.0,123892386.0,6197589.0,0.066570847148895,64.93266069929274,1763.0656458567546,88.19554296936147
삼학동,7669.0,3680.0,89100.0,980149.0,55133.0,0.47985395749119836,11.618203155561352,127.80662407093493,7.189072890859304
삼향동,6923.0,1452.0,225942.0,1840147.0,102459.0,0.20973566372959698,32.63642929365882,265.80196446627184,14.79979777553084
삼향읍,32388.0,7452.0,1260646.0,6874440.0,646634.0,0.23008521674694332,38.923243176485116,212.2526861800667,19.965234037297765
삼호읍,49698.0,7176.0,1959652.0,16402334.0,547292.0,0.1443921284558735,39.431204475029176,330.0401223389271,11.012354621916375
상동,12544.0,2430.0,522283.0,1834224.0,97110.0,0.19371811224489796,41.63608099489796,146.22321428571428,7.741549744897959
상사면,1852.0,466.0,44641.0,177402.0,21880.0,0.25161987041036715,24.104211663066955,95.78941684665227,11.81425485961123
생일면,356.0,130.0,8350.0,37687.0,1944.0,0.3651685393258427,23.45505617977528,105.86235955056179,5.46067415730337
서강동,3537.0,1668.0,60465.0,513197.0,52747.0,0.4715860899067006,17.094995759117896,145.09386485722362,14.912920554141929
서면,15856.0,3362.0,447782.0,3325286.0,105722.0,0.21203329969727547,28.240539858728557,209.7178355196771,6.66763370332997
서삼면,828.0,254.0,23006.0,265751.0,46859.0,0.30676328502415456,27.785024154589372,320.95531400966183,56.59299516908212
서호면,718.0,240.0,13422.0,129793.0,5653.0,0.3342618384401114,18.69359331476323,180.77019498607243,7.873259052924791
석곡면,1530.0,510.0,36827.0,248833.0,11879.0,0.3333333333333333,24.069934640522877,162.6359477124183,7.764052287581699
성북동,9466.0,2648.0,271125.0,1218566.0,96910.0,0.2797380097189943,28.641981829706317,128.7308261145151,10.237692795267272
성전면,3531.0,1772.0,65833.0,873116.0,44015.0,0.5018408382894364,18.644293401302747,247.27159444916455,12.465307278391391
세지면,1594.0,620.0,41686.0,456875.0,59168.0,0.3889585947302384,26.15181932245922,286.62170639899625,37.11919698870766
소라면,14034.0,3484.0,478680.0,1935090.0,138750.0,0.24825423970357702,34.10859341598974,137.88584865327064,9.886703719538264
소안면,1057.0,366.0,18385.0,173082.0,16486.0,0.34626300851466413,17.39356669820246,163.74834437086093,15.596972563859982
손불면,1215.0,542.0,23729.0,305255.0,17053.0,0.44609053497942386,19.530041152263376,251.23868312757202,14.035390946502057
송광면,658.0,236.0,15924.0,43195.0,1761.0,0.3586626139817629,24.200607902735563,65.64589665653496,2.67629179331307
송월동,9806.0,2786.0,422235.0,2724559.0,128702.0,0.2841117683051193,43.05884152559658,277.84611462369975,13.124821537833979
송지면,4865.0,1346.0,71824.0,621399.0,96610.0,0.27667009249743063,14.763412127440905,127.7284686536485,19.858170606372045
수북면,2547.0,978.0,63963.0,396801.0,35367.0,0.3839811542991755,25.113074204946997,155.79151943462898,13.885747938751472
승주읍,2109.0,524.0,51082.0,276194.0,13902.0,0.24845898530109056,24.220957799905168,130.9596965386439,6.591749644381223
시전동,17969.0,6150.0,457346.0,2474350.0,81215.0,0.3422561077411097,25.451945016417163,137.70104068117314,4.519728421169792
시종면,1855.0,928.0,33735.0,328759.0,14427.0,0.5002695417789758,18.18598382749326,177.22857142857143,7.777358490566038
신광면,783.0,272.0,13573.0,74817.0,4786.0,0.34738186462324394,17.334610472541506,95.55172413793103,6.112388250319285
신북면,3048.0,1082.0,75418.0,551564.0,60431.0,0.35498687664041995,24.743438320209975,180.95931758530185,19.826443569553806
신의면,1382.0,626.0,14999.0,95080.0,18774.0,0.45296671490593343,10.853111432706223,68.79884225759768,13.58465991316932
신전면,785.0,524.0,8334.0,70803.0,8449.0,0.6675159235668789,10.61656050955414,90.19490445859873,10.763057324840764
신지면,1610.0,672.0,32532.0,334956.0,22577.0,0.41739130434782606,20.206211180124225,208.0472049689441,14.022981366459627
신흥동,22791.0,7968.0,462383.0,5035784.0,260251.0,0.349611688824536,20.287964547409064,220.9549383528586,11.419025053749287
쌍봉동,32602.0,8284.0,846990.0,6060531.0,410245.0,0.2540948408073124,25.979694497270106,185.89445432795534,12.583430464388687
안양면,1840.0,548.0,40625.0,253145.0,25089.0,0.29782608695652174,22.078804347826086,137.5788043478261,13.635326086956521
안좌면,3713.0,550.0,51848.0,463705.0,39237.0,0.14812819822246162,13.963910584433073,124.8868839213574,10.567465661190411
암태면,1139.0,316.0,21831.0,100439.0,14340.0,0.2774363476733977,19.166812993854258,88.18173836698858,12.589991220368745
압해읍,8502.0,1756.0,254682.0,1417794.0,97680.0,0.20653963773229828,29.955539872971066,166.76005645730416,11.489061397318277
약산면,859.0,494.0,14100.0,104165.0,13029.0,0.5750873108265425,16.41443538998836,121.26309662398137,15.167636786961584
엄다면,753.0,282.0,19292.0,295091.0,34737.0,0.3745019920318725,25.620185922974766,391.8871181938911,46.13147410358566
여서동,10564.0,3274.0,234134.0,1128570.0,98204.0,0.3099204846648997,22.163385081408556,106.83169254070428,9.296099962135555
여천동,23790.0,5986.0,662570.0,3081027.0,305840.0,0.2516183270281631,27.850777637662883,129.5093316519546,12.855821773854561
연동,4419.0,1816.0,73415.0,533571.0,37461.0,0.41095270423172664,16.613487214301877,120.74473862864902,8.477257298031228
연산동,9986.0,2342.0,262686.0,1669140.0,50240.0,0.23452833967554576,26.305427598638094,167.14800721009414,5.031043460845183
염산면,1657.0,746.0,25622.0,212242.0,29697.0,0.45021122510561257,15.462884731442365,128.08811104405552,17.92214846107423
영강동,2065.0,730.0,53852.0,213594.0,19733.0,0.35351089588377727,26.078450363196126,103.43535108958838,9.55593220338983
영광읍,21503.0,7288.0,595490.0,3498022.0,231047.0,0.33892945170441335,27.693345114635168,162.6759986978561,10.744872808445333
영남면,340.0,158.0,6076.0,25537.0,1459.0,0.4647058823529412,17.870588235294118,75.10882352941177,4.291176470588235
영산동,1856.0,514.0,40555.0,217896.0,19889.0,0.2769396551724138,21.85075431034483,117.40086206896552,10.716056034482758
영암읍,10882.0,2808.0,372966.0,2140748.0,115430.0,0.25804080132328616,34.27366292960853,196.723764013968,10.607425105679104
오곡면,1476.0,456.0,23793.0,126675.0,13279.0,0.3089430894308943,16.119918699186993,85.82317073170732,8.996612466124661
오산면,822.0,358.0,16303.0,126839.0,5363.0,0.43552311435523117,19.833333333333332,154.30535279805352,6.524330900243309
옥곡면,5793.0,1296.0,195537.0,1079684.0,63767.0,0.22371828068358363,33.75401346452615,186.37735197652339,11.007595373726911
옥과면,4284.0,1274.0,156139.0,634442.0,38585.0,0.2973856209150327,36.44701213818861,148.09570494864613,9.006769374416434
옥룡면,1627.0,526.0,25135.0,95616.0,8848.0,0.32329440688383526,15.448678549477567,58.768285187461586,5.4382298709280885
옥암동,7846.0,2892.0,217490.0,1823122.0,120694.0,0.3685954626561305,27.719857252102983,232.36324241651798,15.38287025235789
옥천면,3229.0,686.0,118798.0,598154.0,36245.0,0.21244967482192628,36.79095695261691,185.24434809538556,11.224837410963147
옴천면,167.0,90.0,5658.0,23707.0,2923.0,0.5389221556886228,33.880239520958085,141.95808383233532,17.50299401197605
완도읍,21200.0,6796.0,569209.0,4954548.0,272668.0,0.3205660377358491,26.84948113207547,233.70509433962263,12.861698113207547
왕곡면,4500.0,800.0,151904.0,1389256.0,106010.0,0.17777777777777778,33.75644444444445,308.72355555555555,23.557777777777776
왕조1동,31567.0,8318.0,818966.0,6089538.0,426742.0,0.26350302531124276,25.94373871448031,192.9083536604682,13.518611207906991
왕조2동,11247.0,3434.0,300421.0,2107095.0,130466.0,0.3053258646750244,26.711211878723216,187.34729261136303,11.600071130079133
외서면,290.0,212.0,3232.0,19333.0,2599.0,0.7310344827586207,11.144827586206896,66.6655172413793,8.962068965517242
용당1동,9358.0,3364.0,257988.0,1225143.0,82227.0,0.35947852105150674,27.568711263090403,130.9193203675999,8.786813421671297
용당2동,4636.0,1548.0,110695.0,356415.0,24846.0,0.3339085418464193,23.877264883520276,76.87985332182916,5.359361518550474
용면,1018.0,472.0,13605.0,73949.0,12167.0,0.4636542239685658,13.364440078585462,72.64145383104126,11.951866404715128
용방면,1764.0,220.0,46838.0,646068.0,32720.0,0.12471655328798185,26.552154195011337,366.2517006802721,18.54875283446712
용산면,1440.0,374.0,41839.0,135104.0,16457.0,0.25972222222222224,29.054861111111112,93.82222222222222,11.428472222222222
용해동,5845.0,2078.0,99678.0,382983.0,37819.0,0.3555175363558597,17.0535500427716,65.52318220701454,6.470316509837468
운남면,1262.0,616.0,22636.0,280365.0,45609.0,0.48811410459587956,17.93660855784469,222.15927099841522,36.140253565768624
웅치면,321.0,136.0,6388.0,50569.0,3464.0,0.4236760124610592,19.90031152647975,157.53582554517135,10.791277258566979
원산동,6453.0,2870.0,96033.0,553265.0,62224.0,0.44475437780877114,14.881915388191539,85.73764140709747,9.64264683093135
월등면,457.0,240.0,9579.0,49941.0,3438.0,0.5251641137855579,20.960612691466082,109.2800875273523,7.522975929978118
월산면,1349.0,536.0,27922.0,142960.0,9582.0,0.3973313565604151,20.698295033358043,105.97479614529281,7.1030392883617495
월야면,2077.0,802.0,53192.0,388758.0,24678.0,0.3861338468945595,25.610014443909485,187.17284545016852,11.881559942224362
월호동,5452.0,804.0,201814.0,797737.0,87946.0,0.1474688187820983,37.01650770359501,146.3200660308144,16.130961115187088
유달동,5658.0,1336.0,229981.0,2185986.0,74031.0,0.23612583951926475,40.64704842700601,386.35312831389183,13.084305408271474
유치면,420.0,158.0,8243.0,29675.0,2535.0,0.3761904761904762,19.626190476190477,70.6547619047619,6.035714285714286
율어면,226.0,96.0,3323.0,15876.0,-252.0,0.4247787610619469,14.70353982300885,70.24778761061947,-1.1150442477876106
율촌면,6914.0,1702.0,229286.0,1392570.0,112877.0,0.24616719699161121,33.162568701186,201.41307492045127,16.32586057275094
의신면,2284.0,782.0,53765.0,400523.0,17679.0,0.3423817863397548,23.53984238178634,175.36033274956216,7.740367775831874
이로동,4428.0,1328.0,125236.0,660228.0,38892.0,0.2999096657633243,28.28274616079494,149.1029810298103,8.78319783197832
이서면,307.0,162.0,3982.0,18530.0,2797.0,0.5276872964169381,12.970684039087947,60.358306188925084,9.110749185667752
이양면,1213.0,382.0,40454.0,229800.0,-6415.0,0.314921681780709,33.35037098103874,189.44765045342126,-5.288540807914262
이창동,10188.0,2412.0,271962.0,2514584.0,211914.0,0.23674911660777384,26.69434628975265,246.818217510797,20.800353356890458
일로읍,4453.0,1416.0,122994.0,601990.0,52720.0,0.3179878733438132,27.62048057489333,135.18751403548168,11.839209521670783
임자면,1280.0,518.0,27431.0,165421.0,-702.0,0.4046875,21.43046875,129.23515625,-0.5484375
임회면,2101.0,772.0,62187.0,345796.0,40078.0,0.36744407425035697,29.59876249405045,164.58638743455498,19.07567824845312
입면,5068.0,342.0,218142.0,1722391.0,20252.0,0.06748224151539069,43.04301499605367,339.85615627466456,3.996053670086819
자은면,1466.0,626.0,22422.0,118110.0,10015.0,0.42701227830832195,15.29467939972715,80.56616643929058,6.8315143246930425
작천면,733.0,258.0,23380.0,95705.0,9334.0,0.3519781718963165,31.89631650750341,130.56616643929058,12.733969986357435
장동면,640.0,180.0,12335.0,94466.0,3777.0,0.28125,19.2734375,147.603125,5.9015625
장산면,551.0,160.0,13722.0,68752.0,5002.0,0.29038112522686027,24.903811252268603,124.77676950998185,9.078039927404719
장성읍,14450.0,3770.0,515436.0,4332816.0,442942.0,0.26089965397923875,35.670311418685124,299.8488581314879,30.65342560553633
장천동,9465.0,2514.0,253499.0,2034136.0,83446.0,0.26561014263074484,26.782778658214475,214.91135763338616,8.816270470153196
장평면,1336.0,438.0,33900.0,210181.0,13640.0,0.3278443113772455,25.37425149700599,157.32110778443115,10.209580838323353
장흥읍,23473.0,5506.0,488833.0,3165220.0,178838.0,0.23456737528223917,20.82533123162783,134.84514122608954,7.618881267839646
저전동,2036.0,610.0,41484.0,139986.0,10163.0,0.29960707269155207,20.37524557956778,68.75540275049116,4.991650294695481
점암면,1275.0,418.0,20853.0,117611.0,5476.0,0.32784313725490194,16.35529411764706,92.24392156862746,4.294901960784314
조곡동,3127.0,1228.0,65402.0,298642.0,15075.0,0.3927086664534698,20.915254237288135,95.50431723696833,4.820914614646626
조도면,1143.0,438.0,35897.0,263489.0,5657.0,0.38320209973753283,31.405949256342957,230.52405949256342,4.94925634295713
조성면,1632.0,652.0,29160.0,240378.0,25008.0,0.39950980392156865,17.86764705882353,147.29044117647058,15.323529411764707
주삼동,18707.0,3066.0,731332.0,3397988.0,238903.0,0.16389586785695195,39.09402897311167,181.6425936815096,12.77078099107286
주암면,2944.0,814.0,68922.0,396846.0,29633.0,0.2764945652173913,23.41100543478261,134.7982336956522,10.06555706521739
죽곡면,786.0,350.0,12488.0,39348.0,2406.0,0.44529262086513993,15.888040712468193,50.06106870229008,3.0610687022900764
죽교동,2079.0,730.0,42330.0,200916.0,44174.0,0.3511303511303511,20.360750360750362,96.64069264069263,21.24771524771525
중마동,45399.0,11368.0,1149728.0,7157745.0,441784.0,0.2504019912332871,25.324963104914204,157.66305425229632,9.731139452410845
중앙동,11755.0,5730.0,173716.0,1476279.0,126981.0,0.4874521480221182,14.77805189281157,125.58732454274777,10.802296894938324
증도면,1218.0,376.0,19921.0,78871.0,6298.0,0.30870279146141216,16.35550082101806,64.75451559934318,5.170771756978653
지도읍,2924.0,1146.0,66697.0,662401.0,57729.0,0.39192886456908343,22.810191518467853,226.5393296853625,19.743160054719564
지산면,954.0,558.0,21552.0,92457.0,9656.0,0.5849056603773585,22.59119496855346,96.91509433962264,10.121593291404611
진도읍,12212.0,3868.0,300930.0,1709853.0,116311.0,0.3167376351130036,24.64215525712414,140.0141663937111,9.524320340648542
진상면,1775.0,612.0,34239.0,139988.0,12130.0,0.3447887323943662,19.28957746478873,78.86647887323943,6.833802816901408
진원면,4047.0,996.0,97909.0,870466.0,48374.0,0.24610822831727205,24.19298245614035,215.08920187793427,11.953051643192488
진월면,2222.0,768.0,53975.0,427526.0,35250.0,0.34563456345634563,24.291179117911792,192.40594059405942,15.864086408640864
창평면,4373.0,1166.0,133304.0,733430.0,48542.0,0.2666361765378459,30.48342099245369,167.71781385776356,11.100388749142466
청계면,10812.0,2362.0,279954.0,1454366.0,75632.0,0.21846096929337772,25.89289678135405,134.5140584535701,6.995190529041805
청산면,1123.0,504.0,21228.0,101314.0,11477.0,0.44879786286731965,18.90293855743544,90.2172751558326,10.219946571682993
청풍면,372.0,200.0,7823.0,51338.0,3926.0,0.5376344086021505,21.02956989247312,138.00537634408602,10.553763440860216
춘양면,1572.0,528.0,38025.0,230443.0,11977.0,0.33587786259541985,24.188931297709924,146.59223918575063,7.618956743002545
충무동,3648.0,1446.0,68505.0,557644.0,47596.0,0.3963815789473684,18.778782894736842,152.86293859649123,13.047149122807017
칠량면,1170.0,452.0,25042.0,222906.0,17909.0,0.38632478632478634,21.403418803418802,190.5179487179487,15.306837606837608
태인동,14354.0,2718.0,593537.0,5965295.0,429793.0,0.18935488365612374,41.3499372997074,415.5841577260694,29.942385397798525
토지면,1194.0,602.0,20348.0,78065.0,6961.0,0.5041876046901173,17.041876046901173,65.38107202680067,5.82998324958124
팔금면,654.0,180.0,12138.0,49050.0,10290.0,0.27522935779816515,18.559633027522935,75.0,15.73394495412844
포두면,1672.0,794.0,34498.0,222637.0,30914.0,0.4748803827751196,20.632775119617225,133.1561004784689,18.489234449760765
풍덕동,7836.0,2710.0,233145.0,1100920.0,83091.0,0.3458397141398673,29.753062787136294,140.4951505870342,10.60375191424196
풍양면,2669.0,642.0,59088.0,456884.0,37873.0,0.24053952791307606,22.138628699887597,171.18171599850132,14.189958786062196
하당동,15523.0,4400.0,421227.0,2868265.0,234469.0,0.28345036397603557,27.135669651484893,184.7751723249372,15.104618952522063
하의면,792.0,334.0,14201.0,52649.0,4498.0,0.4217171717171717,17.930555555555557,66.4760101010101,5.679292929292929
학교면,4206.0,842.0,112136.0,822212.0,66503.0,0.20019020446980504,26.660960532572517,195.48549690917736,15.811459819305753
학산면,2110.0,984.0,42753.0,232413.0,15562.0,0.4663507109004739,20.26208530805687,110.1483412322275,7.375355450236967
한려동,4316.0,1050.0,99910.0,421869.0,26712.0,0.2432808155699722,23.148748841519925,97.74536607970343,6.189063948100093
한천면,920.0,330.0,20952.0,99745.0,5721.0,0.358695652173913,22.77391304347826,108.41847826086956,6.218478260869565
함평읍,10228.0,2650.0,293246.0,2118054.0,148085.0,0.2590926867422761,28.670903402424717,207.08388736800939,14.478392647633946
해남읍,26983.0,7678.0,748252.0,4803623.0,334683.0,0.2845495311863025,27.730496979579737,178.02405218100284,12.403476262832154
해룡면,36079.0,10210.0,975891.0,10667396.0,1221640.0,0.2829901050472574,27.048726405942514,295.667729149921,33.86014024778957
해보면,3526.0,1436.0,78113.0,863102.0,56884.0,0.40726035167328417,22.153431650595575,244.78218944980148,16.132728304027225
해제면,2367.0,1000.0,38499.0,365385.0,18007.0,0.4224757076468103,16.26489226869455,154.36628643852978,7.607520067596114
향동,2196.0,928.0,34098.0,812412.0,33023.0,0.4225865209471767,15.527322404371585,369.95081967213116,15.037795992714026
현경면,2997.0,1290.0,54287.0,488150.0,18360.0,0.43043043043043044,18.11378044711378,162.87954621287955,6.126126126126126
현산면,1456.0,538.0,26091.0,217580.0,23721.0,0.3695054945054945,17.919642857142858,149.4368131868132,16.291895604395606
홍농읍,8704.0,1036.0,520732.0,3959541.0,487204.0,0.11902573529411764,59.82674632352941,454.9105009191176,55.974724264705884
화산면,2147.0,676.0,32869.0,356093.0,37280.0,0.3148579413134606,15.30926874708896,165.85607824871914,17.36376339077783
화순읍,38067.0,9170.0,1154828.0,6144287.0,647640.0,0.24089106049859457,30.336722095253105,161.4071768198177,17.013161005595396
화양면,3957.0,1082.0,102892.0,614648.0,41651.0,0.2734394743492545,26.00252716704574,155.3318170331059,10.525903462218853
화원면,4022.0,754.0,139405.0,1454063.0,95789.0,0.18746892093485829,34.66061660865241,361.52734957732474,23.81626056688215
화정면,928.0,300.0,19919.0,64394.0,2166.0,0.3232758620689655,21.464439655172413,69.39008620689656,2.334051724137931
황룡면,5982.0,1340.0,170805.0,1664545.0,78664.0,0.22400534938147776,28.553159478435305,278.25894349715816,13.150117017719825
황산면,2878.0,1362.0,50937.0,526042.0,49004.0,0.47324530924252955,17.69874913134121,182.78040305767894,17.027102154273802
황전면,1466.0,650.0,26424.0,153651.0,5158.0,0.4433833560709413,18.024556616643927,104.80968622100956,3.518417462482947
회진면,1751.0,612.0,30215.0,188948.0,12030.0,0.34951456310679613,17.25585379782981,107.90862364363221,6.870359794403198
회천면,1480.0,636.0,26649.0,430406.0,154648.0,0.4297297297297297,18.00608108108108,290.8148648648649,104.4918918918919
흑산면,1969.0,754.0,46842.0,414906.0,8291.0,0.382935500253936,23.789740985271713,210.7191467750127,4.2107668867445405
